task_id,category,arm,repetition,tool_turns,read_calls,grep_calls,glob_calls,shell_calls,graph_queries,knowledge_queries,unique_files_read,total_file_chars_read,total_tool_output_chars,time_to_first_relevant_evidence_ms,duration_ms,task_success,required_evidence_recall,evidence_precision,wrong_evidence_count,wrong_path_count,hallucinated_symbol_count,hallucinated_relation_count
T01,T1-document-to-code,native,1,11,6,5,0,0,0,0,5,87926,92117,,25399.0095,False,0.6666666666666666,1.0,0,10,,
T01,T1-document-to-code,native,2,7,3,2,2,0,0,0,3,78752,80428,,12834.585,False,0.6666666666666666,1.0,0,3,,
T01,T1-document-to-code,native,3,5,3,2,0,0,0,0,3,12367,22747,,10816.1889,False,0.6666666666666666,1.0,0,3,,
T01,T1-document-to-code,codegraph,1,11,5,1,1,0,4,0,4,50692,55054,,37726.0467,False,0.6666666666666666,1.0,0,4,,
T01,T1-document-to-code,codegraph,2,16,7,5,1,0,3,0,7,63124,68447,,26721.3372,False,0.6666666666666666,1.0,0,3,,
T01,T1-document-to-code,codegraph,3,13,4,6,0,0,3,0,3,64603,72623,,23395.1374,False,0.6666666666666666,1.0,0,6,,
T01,T1-document-to-code,knowledge,1,13,4,6,1,1,1,0,5,58374,71810,,29340.7656,False,0.6666666666666666,1.0,0,4,,
T01,T1-document-to-code,knowledge,2,13,5,5,0,1,2,0,4,64444,73005,,23200.5673,False,0.6666666666666666,1.0,0,3,,
T01,T1-document-to-code,knowledge,3,13,6,5,0,0,2,0,3,63746,69370,,19965.2321,False,0.6666666666666666,1.0,0,2,,
T02,T1-document-to-code,native,1,8,4,3,0,1,0,0,7,27329,30220,,14378.6439,False,0.6666666666666666,1.0,0,4,,
T02,T1-document-to-code,native,2,7,3,2,2,0,0,0,6,67994,69270,,13887.7189,False,0.6666666666666666,1.0,0,4,,
T02,T1-document-to-code,native,3,6,3,2,1,0,0,0,4,67994,69820,,11575.9538,False,0.3333333333333333,1.0,0,2,,
T02,T1-document-to-code,codegraph,1,9,3,3,0,0,3,0,3,67994,71770,,17593.4521,False,0.6666666666666666,1.0,0,3,,
T02,T1-document-to-code,codegraph,2,9,4,3,0,1,1,0,5,22861,26070,,16777.8068,False,0.3333333333333333,1.0,0,4,,
T02,T1-document-to-code,codegraph,3,11,4,2,2,0,3,0,4,69840,79465,,21799.6138,False,0.6666666666666666,1.0,0,3,,
T02,T1-document-to-code,knowledge,1,8,3,3,0,0,2,0,3,67994,71602,,17252.3277,False,0.6666666666666666,1.0,0,3,,
T02,T1-document-to-code,knowledge,2,11,3,4,0,1,2,1,4,67994,72669,,24500.5386,False,0.6666666666666666,1.0,0,5,,
T02,T1-document-to-code,knowledge,3,21,5,7,1,3,4,1,4,24268,35915,,34307.8974,False,0.6666666666666666,1.0,0,4,,
T03,T2-code-to-document,native,1,13,2,10,1,0,0,0,3,6403,29748,,19129.6535,False,1.0,1.0,0,8,,
T03,T2-code-to-document,native,2,8,3,5,0,0,0,0,3,13116,28501,,15170.2859,False,1.0,1.0,0,8,,
T03,T2-code-to-document,native,3,10,5,4,1,0,0,0,6,12672,23908,,18708.8534,False,1.0,1.0,0,10,,
T03,T2-code-to-document,codegraph,1,17,7,7,1,0,2,0,6,8449,34025,,31548.1791,False,0.5,1.0,0,3,,
T03,T2-code-to-document,codegraph,2,16,6,7,1,0,2,0,9,16630,25114,,29161.5262,False,1.0,1.0,0,7,,
T03,T2-code-to-document,codegraph,3,12,2,7,1,1,1,0,3,2394,28497,,25098.4369,False,1.0,1.0,0,7,,
T03,T2-code-to-document,knowledge,1,15,3,7,1,2,2,0,4,4830,35871,,29640.8496,False,1.0,1.0,0,6,,
T03,T2-code-to-document,knowledge,2,15,5,7,1,0,1,1,11,18322,37059,,28433.6128,False,1.0,1.0,0,13,,
T03,T2-code-to-document,knowledge,3,27,8,5,1,10,3,0,6,17636,35934,,51892.4393,False,0.5,1.0,0,6,,
T04,T2-code-to-document,native,1,8,6,2,0,0,0,0,4,20536,22515,,15361.3659,False,1.0,1.0,0,7,,
T04,T2-code-to-document,native,2,8,6,2,0,0,0,0,4,15230,18231,,13726.7274,False,1.0,1.0,0,6,,
T04,T2-code-to-document,native,3,8,6,2,0,0,0,0,4,18809,20788,,13068.6178,False,1.0,1.0,0,4,,
T04,T2-code-to-document,codegraph,1,15,4,5,1,2,3,0,4,11711,19253,,27669.228,False,1.0,1.0,0,4,,
T04,T2-code-to-document,codegraph,2,9,5,2,0,1,1,0,5,26981,30414,,20094.1064,False,0.5,1.0,0,7,,
T04,T2-code-to-document,codegraph,3,12,7,3,0,0,2,0,4,12355,17992,,17421.7081,False,1.0,1.0,0,10,,
T04,T2-code-to-document,knowledge,1,15,1,8,1,3,2,0,2,1108,18162,,32573.5637,False,0.5,1.0,0,8,,
T04,T2-code-to-document,knowledge,2,11,6,2,0,0,3,0,4,17409,22591,,19399.7296,False,1.0,1.0,0,6,,
T04,T2-code-to-document,knowledge,3,12,5,3,0,0,3,1,4,16463,29636,,20526.2046,False,1.0,1.0,0,6,,
T05,T3-module-understanding,native,1,29,20,4,1,4,0,0,15,59796,78081,,38355.7661,False,1.0,1.0,0,16,,
T05,T3-module-understanding,native,2,31,22,7,2,0,0,0,11,65124,85706,,36987.5835,False,0.5,1.0,0,12,,
T05,T3-module-understanding,native,3,27,18,7,2,0,0,0,9,47263,59891,,34716.6107,False,1.0,1.0,0,9,,
T05,T3-module-understanding,codegraph,1,18,4,10,2,0,2,0,4,20048,61042,,31054.0795,False,1.0,1.0,0,9,,
T05,T3-module-understanding,codegraph,2,20,12,5,1,1,1,0,7,38112,52621,,31200.181,False,0.5,1.0,0,2,,
T05,T3-module-understanding,codegraph,3,39,17,6,1,12,3,0,12,59229,77764,,50931.2041,False,0.5,1.0,0,11,,
T05,T3-module-understanding,knowledge,1,30,11,13,4,0,1,1,8,37459,73294,,42387.4007,False,0.5,1.0,0,22,,
T05,T3-module-understanding,knowledge,2,26,14,8,0,2,2,0,8,48242,64763,,38458.9299,False,1.0,1.0,0,21,,
T05,T3-module-understanding,knowledge,3,30,16,9,3,0,0,2,11,59824,75342,,37070.1207,False,0.5,1.0,0,20,,
T06,T3-module-understanding,native,1,26,14,10,2,0,0,0,8,45604,61178,,35883.5734,False,0.5,1.0,0,6,,
T06,T3-module-understanding,native,2,26,14,8,0,4,0,0,11,50959,61513,,34898.2744,False,0.5,1.0,0,11,,
T06,T3-module-understanding,native,3,34,16,12,6,0,0,0,10,49160,61806,,44154.7991,False,0.5,1.0,0,9,,
T06,T3-module-understanding,codegraph,1,36,9,13,4,8,2,0,9,36988,69269,,53378.1273,False,0.5,1.0,0,15,,
T06,T3-module-understanding,codegraph,2,23,6,9,2,1,5,0,7,27083,48491,,37913.979,False,0.5,1.0,0,3,,
T06,T3-module-understanding,codegraph,3,24,16,6,0,1,1,0,11,42925,60051,,36372.6827,False,0.5,1.0,0,9,,
T06,T3-module-understanding,knowledge,1,21,6,10,3,1,0,1,13,27206,53593,,32225.9924,False,0.5,1.0,0,11,,
T06,T3-module-understanding,knowledge,2,33,18,7,2,1,4,1,12,63333,79644,,39800.4193,False,0.5,1.0,0,17,,
T06,T3-module-understanding,knowledge,3,30,8,16,4,0,0,2,8,29422,66271,,40538.5303,False,0.5,1.0,0,7,,
